
<assembly>
  <id>bin</id>
  <formats>
<!--    <format>tar.gz</format>
    <format>tar.bz2</format>
-->    <format>zip</format>
  </formats>
  <fileSets>
     <fileSet>
      <includes>
        <include>README*</include>
        <include>LICENSE*</include>
        <include>NOTICE*</include>
      </includes>
    </fileSet>
    <fileSet>
      <directory>target</directory>
      <includes>
        <include>*.jar</include>
      </includes>
    </fileSet>
  </fileSets>
</assembly>
