<?xml version="1.0" encoding="ISO-8859-1"?>
<project name="jaret table">
  <bannerLeft>
    <name>jaret table</name>
    <src>jaret_web.jpg</src>
    <href>http://www.jaret.de/</href>
  </bannerLeft>
 <!-- <bannerRight>
    <src>http://maven.apache.org/images/maven-small.gif</src>
  </bannerRight>
 --> <body>
    <links>
      <item name="jaret" href="http://www.jaret.de/" />
      <item name="xpmp" href="http://www.xpmp.de/" />
      <item name="geexel" href="http://www.geexel.de/"/>
    </links>

    <menu name="jaret table">
      <item name="overview" href="index.html"/>      
      <item name="screenshots" href="table_screenshots.html"/>      
      <item name="changelog" href="changelog.html"/>      
      <item name="status" href="status.html"/>      
    </menu>
<menu name="impressum">
   <item name="impressum" href="../impressum.html"/>      
 </menu>

${reports}    
    
  </body>
</project>
